幕,開始秒,結束秒,旁白,預估秒數
01,0,2.8,有人說，七歲以後才要開始顧關節；,3.8
02,2.8,5.8,有人說，大型犬五歲就要吃保健品；,3.8
03,5.8,9.2,也有人說，三到五歲就開始退化，再不顧就來不及。,5.6
04,9.2,13,滑完三篇文章，數字完全對不上，,3.5
05,13,15.4,你只想知道一件事：,2.1
06,15.4,18.9,我家這隻，現在到底要不要開始？,3.7
08,20.2,21.7,先講結論。,1.4
09,21.7,24.7,會這麼亂，不是因為誰在騙你，,3.3
10,24.7,26.9,而是這個問題，從一開始就問錯了方向。,4.4
11,26.9,30.5,決定要不要開始的，從來不是年齡，,3.8
12,30.5,33.2,而是風險因子。,1.8
13,33.2,35.6,接下來，用三個步驟，,2.4
14,35.6,45,幫你確認家裡那隻屬於哪一種風險等級，再決定現在該做什麼。,6.7
15,45,49.4,美國動物醫院協會的關節照護指引指出，,4.2
16,49.4,54,狗的骨關節炎，常在幼犬時期、甚至只有幾個月大的時候，就已經埋下，,7.5
17,54,61.6,只是徵兆太輕微，常被誤認為玩過頭，或扭到而已，就這樣被忽略了。,7.5
18,61.6,67.8,另一份被廣泛採用的國際共識，叫做 COAST 犬骨關節炎分期工具。,6.7
19,67.8,76.7,它把狗分成四個階段：完全沒有風險因子、有風險因子但沒有症狀、輕度臨床徵象，以及中重度臨床徵象。,11.2
20,76.7,87.6,並且建議，有風險因子的狗，從年輕成犬健檢起，就該被特別追蹤，而不是看年齡來決定。,9.6
21,87.6,98.7,所以七歲、五歲、三到五歲這些數字，都只對了一部分。它們只是某個體型平均比較容易出現風險的年紀；真正要看的，是有沒有風險因子。,14.9
22,98.7,108.1,與其記一個歲數，不如照著三個步驟走一次。第一步，問自己：我的狗狗，有沒有已知的風險因子？,10.7
23,108.1,118.9,風險因子一共有五類：屬於特定的好發品種、體重過重或骨架偏大、曾經受過關節或韌帶傷害，像是十字韌帶受傷或跌倒扭傷、,13.1
24,118.9,128.7,狗爸、狗媽有髖關節或肘關節發育不良的病史，還有幼犬期快速生長或營養失衡，像是蛋白質、鈣質吃太多或太少。,12.1
25,128.7,142.4,數一數，你家狗狗符合幾項？如果一個都沒有，就是基礎預防組：不需要額外的保健品，把資源花在飲食和運動管理上就夠了。,13.5
26,142.4,160,如果有一項以上，就是加強留意組：就算現在完全沒有跛行或僵硬，也建議提早開始、更頻繁地健檢追蹤。,11.2
